,ccp_alpha,max_depth,max_features,n_estimators,score
model_1,0,100,20,10000,0.312249894833192
model_2,0,100,20,10000,0.3122498948331921
