,C,degree,kernel,score
model_1,1.0526315789473684,1,rbf,0.3235437915637478
