,C,degree,kernel,score
model_1,0.9210526315789473,1.0,rbf,0.3237801664858465
model_2,0.9210526315789473,0.5,rbf,0.3256933810551169
